,,train_score,val_score,n_estimators,max_depth,learning_rate,subsample,max_features
0,67,0.05578572888459264,0.35505178676170757,3800,3,0.0021890344330155105,0.8,log2
1,67,4.48179704768676e-09,0.1115058741655609,1800,8,0.07738074752756634,0.2,sqrt
2,67,0.06758245870391262,0.3617975288952866,2200,3,0.004051821223107439,0.4,log2
3,67,0.06448624567906099,0.3229694358839717,1100,3,0.006713943640941392,0.7000000000000001,sqrt
4,67,0.08797027503981228,0.29032001762009096,2500,3,0.0026071456316954086,0.6,sqrt
