,,train_score,val_score,n_estimators,max_depth,min_samples_split,min_samples_leaf
0,0,0.2353603925186784,0.36266930254323215,108.0,173.0,16.0,6.0
1,0,0.24336924120199332,0.3455970402802,73.0,598.0,15.0,8.0
2,0,0.2795089019635556,0.373761883848022,76.0,41.0,13.0,11.0
3,0,0.256653090828026,0.39348350800613346,110.0,282.0,25.0,6.0
4,0,0.3010286889499109,0.4646929764364098,95.0,244.0,62.0,3.0
