,,train_score,val_score,n_estimators,max_depth,min_samples_split,min_samples_leaf
0,13,0.2247369137418273,0.3949809408705004,76.0,79.0,13.0,6.0
1,13,0.2878921278408969,0.36304042344367543,74.0,108.0,41.0,4.0
2,13,0.21774271151090374,0.3702775161371036,96.0,368.0,11.0,6.0
3,13,0.2637221295070349,0.30463746873315434,75.0,74.0,19.0,9.0
4,13,0.23425934558579198,0.45965925602122193,121.0,255.0,4.0,8.0
