,,train_score,val_score,n_estimators,max_depth,min_samples_split,min_samples_leaf
0,25,0.20881178789481908,0.3868852661881507,74.0,141.0,2.0,5.0
1,25,0.2921573260764379,0.37469199050596624,93.0,142.0,38.0,7.0
2,25,0.25272734795922036,0.39589579773367756,89.0,23.0,26.0,6.0
3,25,0.24507997549571936,0.352925701451002,98.0,284.0,11.0,8.0
4,25,0.30971753940078595,0.4324707945130224,74.0,328.0,44.0,13.0
