,,train_score,val_score,n_estimators,max_depth,learning_rate,subsample,max_features
0,0,0.008778109319114769,0.21872273041570484,2500,3,0.010032460704075045,0.30000000000000004,sqrt
1,0,0.007106944331122249,0.1743502099552767,2500,3,0.007598789020756697,0.7000000000000001,sqrt
2,0,0.05661791915747624,0.2996730398763213,1800,3,0.004519486185350898,0.7000000000000001,sqrt
3,0,0.026452408123326818,0.2679195199251773,4700,3,0.002961869255495813,0.6,log2
4,0,0.1416749779544667,0.4479337218645747,2700,3,0.0015013273199816078,0.6,sqrt
