,,train_score,val_score,n_estimators,max_depth,learning_rate,subsample,max_features
0,13,0.03861362998174585,0.3193685840340204,1900,3,0.0049650374940196865,0.8,sqrt
1,13,0.03463347854168711,0.25684697991360095,2900,3,0.0035801026972405925,0.9,sqrt
2,13,0.054739106031156864,0.30629842053862677,2200,3,0.0037890714110592307,0.8,log2
3,13,2.298386752734247e-05,0.0813380324801123,4400,3,0.018904424674150145,0.30000000000000004,sqrt
4,13,0.13148500002890778,0.4318432973206908,1100,3,0.003674229497061065,0.8,sqrt
