,,train_score,val_score,n_estimators,max_depth,learning_rate,subsample,max_features
0,25,0.05413877680324502,0.26686648712382177,2100,3,0.004505948273070537,0.6,log2
1,25,0.006958836379772581,0.2118893349070314,4200,3,0.004846083432708321,0.7000000000000001,log2
2,25,0.07161424190399676,0.34230980693297264,5000,3,0.0013043870901167673,0.9,sqrt
3,25,0.0023631564040952494,0.2240517712363783,4900,3,0.00487796284269306,0.9,sqrt
4,25,0.10834996727820953,0.40059876643305325,1300,3,0.004433331674246227,0.6,log2
