,,train_score,val_score,n_estimators,max_depth,learning_rate,subsample,max_features
0,42,0.034664349360612,0.2941092534631038,3200,3,0.0045035811326984984,0.30000000000000004,sqrt
1,42,0.07539137773942373,0.3085627396684245,1300,3,0.005009154233432526,0.9,sqrt
2,42,0.049913864294943086,0.2371743111085292,600,3,0.0149541000749678,0.7000000000000001,sqrt
3,42,0.1730678043429713,0.4283002247979748,1500,3,0.002060653179253647,0.8,sqrt
4,42,0.006949195545183742,0.19238467638654422,2400,3,0.008998939799181286,0.5,sqrt
