,,train_score,val_score,n_estimators,max_depth,min_samples_split,min_samples_leaf
0,42,0.21788589972666128,0.36646189788015915,117.0,557.0,12.0,6.0
1,42,0.25906785138224764,0.3724885721740514,101.0,76.0,33.0,2.0
2,42,0.27314068539992276,0.36362448862966606,101.0,219.0,36.0,4.0
3,42,0.24583136749984658,0.4414985220460097,89.0,119.0,25.0,7.0
4,42,0.2637377793932084,0.3690084653646425,102.0,71.0,26.0,7.0
