,,train_score,val_score,n_estimators,max_depth,min_samples_split,min_samples_leaf
0,67,0.27623999540799155,0.42250380147799727,114.0,236.0,2.0,12.0
1,67,0.24573816192854536,0.34865732668593286,115.0,113.0,18.0,7.0
2,67,0.23834831725527578,0.4290241289938808,118.0,138.0,4.0,8.0
3,67,0.2517667295290198,0.4228361603006056,114.0,324.0,25.0,5.0
4,67,0.2948862060493609,0.36368523086472154,125.0,144.0,11.0,13.0
