,,train_score,val_score,max_depth,learning_rate,eta,lambda,gamma,alpha,min_child_weight,grow_policy
0,0,0.2908711127311453,0.49414461779403174,8,0.009816542820113006,0.4433191216466441,0.0008343190439222887,1.986205280994225e-05,2.1480233861142878e-05,3,lossguide
1,0,0.3465152286528659,0.5070515633784832,5,0.009948778525766437,0.9958686786372121,2.7349419330121945e-05,0.002159161211937026,0.1462059994985213,8,depthwise
2,0,0.2938901145632068,0.49170908400944824,8,0.009914302267857653,1.010756680134863e-05,0.002555537514620743,0.004517619612885833,0.009850006836328475,4,depthwise
3,0,0.27323409330416815,0.4577866077777885,8,0.009936623228792466,0.5244579001399778,0.010787322997450891,0.017647532116198628,0.00012935966823213486,2,depthwise
4,0,0.28636333622894117,0.5695629448262083,7,0.009784236565488161,0.005243152291503358,0.020837704125528884,8.080938193321467e-05,0.00012596802240233548,3,depthwise
