,,train_score,val_score,max_depth,learning_rate,eta,lambda,gamma,alpha,min_child_weight,grow_policy
0,25,0.24506430834971132,0.4678040887569468,6,0.009978155558279203,1.0121062216276888e-05,0.1025330835213087,0.5230318909656985,0.002961508295833615,1,depthwise
1,25,0.28519829277826797,0.507626095046281,4,0.009945861632494104,1.0800253437769431e-05,0.006113467143147923,0.08578142131899318,9.048540677577243e-05,1,depthwise
2,25,0.2965437303587278,0.4763609901922281,4,0.009907983837676925,0.0004306377944722719,0.0005857651317204659,0.009165445989422814,0.44751019476849696,1,lossguide
3,25,0.2885335959865917,0.46396380483436317,6,0.009845957715486046,0.5674772486460266,0.00021093769975028077,0.00044075677601652284,0.0012464654725000473,3,depthwise
4,25,0.33038090438802914,0.5337757798699605,8,0.008614411631916946,0.003397103265983395,0.0013647197229443848,1.018459123122045e-05,0.005225217374962811,4,depthwise
