,,train_score,val_score,max_depth,learning_rate,eta,lambda,gamma,alpha,min_child_weight,grow_policy
0,67,0.3293325402946069,0.5695453617595627,3,0.009942436688578294,0.006352699912320339,0.0030551551356373416,0.00021127600383997344,0.0010803347508577695,1,depthwise
1,67,0.26603316205417105,0.3963180036415178,5,0.009316117165937948,0.02296918319864144,1.0165574250106595e-05,0.0011219152456680573,0.0051813641217983075,1,depthwise
2,67,0.24189189478340511,0.4946785661501728,9,0.009828497211460686,1.2904552661772019e-05,1.2361381276090889e-05,1.089888359065285e-05,0.00433534796519257,1,lossguide
3,67,0.24253378594590613,0.5072684785356374,6,0.009853950768440214,0.034212102392028244,0.06255427487759743,0.07742400441906538,0.0025857286440974436,1,depthwise
4,67,0.271351782047926,0.4534640263880835,7,0.009901018423987284,0.0055424760832841775,0.0001383649955319659,0.013489917553920443,0.01159590330112374,2,depthwise
