,,train_score,val_score,max_depth,learning_rate,eta,lambda,gamma,alpha,min_child_weight,grow_policy
0,13,0.28701592486443894,0.4832268120013775,5,0.009751061257697534,0.04658598769327475,0.003302260348870303,0.0010911216946518708,0.17038059149448867,2,depthwise
1,13,0.2943669377424538,0.46051863444813007,8,0.00992401976645459,0.0001276634951028581,0.0004938989109655154,0.2369707748129667,0.03924994361601487,3,depthwise
2,13,0.28490276183810714,0.45108503151540813,7,0.008031394751519325,0.001403918072773975,2.7626360462567665e-05,1.4667617940092283e-05,3.4425058895359614e-05,1,lossguide
3,13,0.23348632044373735,0.3985837776140839,7,0.009975593206411492,0.00010876254479864038,4.9608994336102574e-05,1.038972424648958e-05,0.015874801757415045,1,lossguide
4,13,0.3049172640205349,0.533555132146476,6,0.007425955515572517,2.646897045086389e-05,7.366067892100842e-05,0.3857211731804222,0.0024224373372495212,1,lossguide
