,,train_score,val_score,max_depth,learning_rate,eta,lambda,gamma,alpha,min_child_weight,grow_policy
0,42,0.2673278244577434,0.4768698552553666,5,0.009969820611797837,0.0003475484834393948,4.282791305547301e-05,0.3399684359507155,0.0028456062842846914,2,lossguide
1,42,0.3638324101991016,0.5156409219969827,3,0.008841560346061358,0.000702822307041016,2.4217883524247557e-05,0.09016499502533169,0.0015861638844467203,1,depthwise
2,42,0.26949513222847254,0.43100087995147196,8,0.009859707106822496,0.00061862705903787,0.0003237500990664793,0.0614543346381885,1.0497891454486245e-05,2,depthwise
3,42,0.28991204626236877,0.5413500889509666,6,0.007790796021624719,0.0010212227665704252,0.0038085619806093084,0.15843863784372336,0.030986330770000722,1,lossguide
4,42,0.32504672815021074,0.5022972565175605,4,0.009961712191667688,0.4088149052035799,1.7804219605899344e-05,0.010886515829906704,1.0966088096900617e-05,6,depthwise
